[{
    "id": "1227",
    "code": "220A",
    "categoryID": "50",
    "material": "Wood",
    "width": "1.4",
    "height": "1.4",
    "rebate": "0.50",
    "min": "10",
    "max": "61",
    "rate": "1",
    "desc": "Light Stain",
    "sizeCategory": "3",
    "thumbImage": "images\/frame_images\/large\/lrg_cross_frame_1227.jpg",
    "tileImage": "images\/frame_images\/large\/top_frame_1227.jpg"
}, {
    "id": "1228",
    "code": "220D",
    "categoryID": "50",
    "material": "Wood",
    "width": "1.4",
    "height": "1.4",
    "rebate": "0.50",
    "min": "10",
    "max": "61",
    "rate": "1",
    "desc": "Mocha",
    "sizeCategory": "3",
    "thumbImage": "images\/frame_images\/large\/lrg_cross_frame_1228.jpg",
    "tileImage": "images\/frame_images\/large\/top_frame_1228.jpg"
}, {
    "id": "1300",
    "code": "220T",
    "categoryID": "50",
    "material": "Wood",
    "width": "1.4",
    "height": "1.4",
    "rebate": "0.50",
    "min": "10",
    "max": "61",
    "rate": "1",
    "desc": "Teak",
    "sizeCategory": "3",
    "thumbImage": "images\/frame_images\/large\/lrg_cross_frame_1300.jpg",
    "tileImage": "images\/frame_images\/large\/top_frame_1300.jpg"
}, {
    "id": "743",
    "code": "222A",
    "categoryID": "50",
    "material": "Wood",
    "width": "1.5",
    "height": "1.5",
    "rebate": "0.50",
    "min": "10",
    "max": "62",
    "rate": "2",
    "desc": "Honey",
    "sizeCategory": "3",
    "thumbImage": "images\/frame_images\/large\/lrg_cross_frame_743.jpg",
    "tileImage": "images\/frame_images\/large\/top_frame_743.jpg"
}, {
    "id": "745",
    "code": "222D",
    "categoryID": "50",
    "material": "Wood",
    "width": "1.5",
    "height": "1.5",
    "rebate": "0.50",
    "min": "10",
    "max": "62",
    "rate": "2",
    "desc": "Mocha",
    "sizeCategory": "3",
    "thumbImage": "images\/frame_images\/large\/lrg_cross_frame_745.jpg",
    "tileImage": "images\/frame_images\/large\/top_frame_745.jpg"
}, {
    "id": "741",
    "code": "222W",
    "categoryID": "50",
    "material": "Wood",
    "width": "1.5",
    "height": "1.5",
    "rebate": "0.50",
    "min": "10",
    "max": "62",
    "rate": "2",
    "desc": "Dark Walnut",
    "sizeCategory": "3",
    "thumbImage": "images\/frame_images\/large\/lrg_cross_frame_741.jpg",
    "tileImage": "images\/frame_images\/large\/top_frame_741.jpg"
}, {
    "id": "1248",
    "code": "225B",
    "categoryID": "50",
    "material": "Wood",
    "width": "1.5",
    "height": "1.5",
    "rebate": "0.50",
    "min": "10",
    "max": "60",
    "rate": "1",
    "desc": "Oak",
    "sizeCategory": "3",
    "thumbImage": "images\/frame_images\/large\/lrg_cross_frame_1248.jpg",
    "tileImage": "images\/frame_images\/large\/top_frame_1248.jpg"
}, {
    "id": "842",
    "code": "224A",
    "categoryID": "50",
    "material": "Wood",
    "width": "2",
    "height": "2",
    "rebate": "0.50",
    "min": "10",
    "max": "101",
    "rate": "3",
    "desc": "Honey",
    "sizeCategory": "3",
    "thumbImage": "images\/frame_images\/large\/lrg_cross_frame_842.jpg",
    "tileImage": "images\/frame_images\/large\/top_frame_842.jpg"
}, {
    "id": "447",
    "code": "224D",
    "categoryID": "50",
    "material": "Wood",
    "width": "2",
    "height": "2",
    "rebate": "0.40",
    "min": "10",
    "max": "101",
    "rate": "3",
    "desc": "Mocha",
    "sizeCategory": "3",
    "thumbImage": "images\/frame_images\/large\/lrg_cross_frame_447.jpg",
    "tileImage": "images\/frame_images\/large\/top_frame_447.jpg"
}, {
    "id": "1102",
    "code": "224L",
    "categoryID": "50",
    "material": "Wood",
    "width": "2",
    "height": "2",
    "rebate": "0.50",
    "min": "9",
    "max": "101",
    "rate": "3",
    "desc": "Clear Laquer",
    "sizeCategory": "3",
    "thumbImage": "images\/frame_images\/large\/lrg_cross_frame_1102.jpg",
    "tileImage": "images\/frame_images\/large\/top_frame_1102.jpg"
}, {
    "id": "1101",
    "code": "224TO",
    "categoryID": "50",
    "material": "Wood",
    "width": "2",
    "height": "2",
    "rebate": "0.50",
    "min": "9",
    "max": "101",
    "rate": "3",
    "desc": "Teak Grain",
    "sizeCategory": "3",
    "thumbImage": "images\/frame_images\/large\/lrg_cross_frame_1101.jpg",
    "tileImage": "images\/frame_images\/large\/top_frame_1101.jpg"
}, {
    "id": "43",
    "code": "330A",
    "categoryID": "50",
    "material": "Wood",
    "width": "2",
    "height": "1.5",
    "rebate": "0.40",
    "min": "10",
    "max": "92",
    "rate": "1",
    "desc": "Pine",
    "sizeCategory": "3",
    "thumbImage": "images\/frame_images\/large\/lrg_cross_frame_43.jpg",
    "tileImage": "images\/frame_images\/large\/top_frame_43.jpg"
}, {
    "id": "44",
    "code": "330B",
    "categoryID": "50",
    "material": "Wood",
    "width": "2",
    "height": "1.5",
    "rebate": "0.40",
    "min": "10",
    "max": "92",
    "rate": "1",
    "desc": "Dark Oak",
    "sizeCategory": "3",
    "thumbImage": "images\/frame_images\/large\/lrg_cross_frame_44.jpg",
    "tileImage": "images\/frame_images\/large\/top_frame_44.jpg"
}, {
    "id": "84",
    "code": "227A",
    "categoryID": "50",
    "material": "Wood",
    "width": "2.25",
    "height": "1.5",
    "rebate": "0.40",
    "min": "10",
    "max": "100",
    "rate": "2",
    "desc": "Light Stain",
    "sizeCategory": "3",
    "thumbImage": "images\/frame_images\/large\/lrg_cross_frame_84.jpg",
    "tileImage": "images\/frame_images\/large\/top_frame_84.jpg"
}, {
    "id": "86",
    "code": "227B",
    "categoryID": "50",
    "material": "Wood",
    "width": "2.25",
    "height": "1.5",
    "rebate": "0.40",
    "min": "10",
    "max": "100",
    "rate": "2",
    "desc": "Dark Stain",
    "sizeCategory": "3",
    "thumbImage": "images\/frame_images\/large\/lrg_cross_frame_86.jpg",
    "tileImage": "images\/frame_images\/large\/top_frame_86.jpg"
}, {
    "id": "200",
    "code": "227D",
    "categoryID": "50",
    "material": "Wood",
    "width": "2.25",
    "height": "1.5",
    "rebate": "0.40",
    "min": "10",
    "max": "100",
    "rate": "2",
    "desc": "Mocha",
    "sizeCategory": "3",
    "thumbImage": "images\/frame_images\/large\/lrg_cross_frame_200.jpg",
    "tileImage": "images\/frame_images\/large\/top_frame_200.jpg"
}, {
    "id": "90",
    "code": "250B",
    "categoryID": "50",
    "material": "Wood",
    "width": "3",
    "height": "2",
    "rebate": "0.40",
    "min": "10",
    "max": "120",
    "rate": "4",
    "desc": "Walnut Gold",
    "sizeCategory": "3",
    "thumbImage": "images\/frame_images\/large\/lrg_cross_frame_90.jpg",
    "tileImage": "images\/frame_images\/large\/top_frame_90.jpg"
}, {
    "id": "18",
    "code": "250M",
    "categoryID": "50",
    "material": "Wood",
    "width": "3",
    "height": "2",
    "rebate": "0.40",
    "min": "10",
    "max": "120",
    "rate": "4",
    "desc": "Mahogany Gold",
    "sizeCategory": "3",
    "thumbImage": "images\/frame_images\/large\/lrg_cross_frame_18.jpg",
    "tileImage": "images\/frame_images\/large\/top_frame_18.jpg"
}, {
    "id": "586",
    "code": "270D",
    "categoryID": "50",
    "material": "Synthetic",
    "width": "3",
    "height": "1.6",
    "rebate": "0.40",
    "min": "10",
    "max": "61",
    "rate": "1",
    "desc": "Mocha",
    "sizeCategory": "3",
    "thumbImage": "images\/frame_images\/large\/lrg_cross_frame_586.jpg",
    "tileImage": "images\/frame_images\/large\/top_frame_586.jpg"
}, {
    "id": "593",
    "code": "270T",
    "categoryID": "50",
    "material": "Synthetic",
    "width": "3",
    "height": "1.6",
    "rebate": "0.40",
    "min": "10",
    "max": "61",
    "rate": "1",
    "desc": "Teak",
    "sizeCategory": "3",
    "thumbImage": "images\/frame_images\/large\/lrg_cross_frame_593.jpg",
    "tileImage": "images\/frame_images\/large\/top_frame_593.jpg"
}, {
    "id": "98",
    "code": "285B",
    "categoryID": "50",
    "material": "Synthetic",
    "width": "3",
    "height": "2.5",
    "rebate": "0.40",
    "min": "10",
    "max": "80",
    "rate": "2",
    "desc": "Brown Gold",
    "sizeCategory": "3",
    "thumbImage": "images\/frame_images\/large\/lrg_cross_frame_98.jpg",
    "tileImage": "images\/frame_images\/large\/top_frame_98.jpg"
}, {
    "id": "68",
    "code": "307B",
    "categoryID": "50",
    "material": "Wood",
    "width": "3",
    "height": "1.5",
    "rebate": "0.40",
    "min": "10",
    "max": "92",
    "rate": "2",
    "desc": "Dark Oak",
    "sizeCategory": "3",
    "thumbImage": "images\/frame_images\/large\/lrg_cross_frame_68.jpg",
    "tileImage": "images\/frame_images\/large\/top_frame_68.jpg"
}, {
    "id": "69",
    "code": "307D",
    "categoryID": "50",
    "material": "Wood",
    "width": "3",
    "height": "1.5",
    "rebate": "0.40",
    "min": "10",
    "max": "90",
    "rate": "2",
    "desc": "Mocha",
    "sizeCategory": "3",
    "thumbImage": "images\/frame_images\/large\/lrg_cross_frame_69.jpg",
    "tileImage": "images\/frame_images\/large\/top_frame_69.jpg"
}, {
    "id": "103",
    "code": "309B",
    "categoryID": "50",
    "material": "Wood",
    "width": "3",
    "height": "1.6",
    "rebate": "0.40",
    "min": "10",
    "max": "102",
    "rate": "2",
    "desc": "Dark Oak",
    "sizeCategory": "3",
    "thumbImage": "images\/frame_images\/large\/lrg_cross_frame_103.jpg",
    "tileImage": "images\/frame_images\/large\/top_frame_103.jpg"
}, {
    "id": "189",
    "code": "380B",
    "categoryID": "50",
    "material": "Wood",
    "width": "3",
    "height": "1.5",
    "rebate": "0.40",
    "min": "10",
    "max": "100",
    "rate": "2",
    "desc": "Walnut",
    "sizeCategory": "3",
    "thumbImage": "images\/frame_images\/large\/lrg_cross_frame_189.jpg",
    "tileImage": "images\/frame_images\/large\/top_frame_189.jpg"
}, {
    "id": "190",
    "code": "380D",
    "categoryID": "50",
    "material": "Wood",
    "width": "3",
    "height": "1.5",
    "rebate": "0.40",
    "min": "10",
    "max": "100",
    "rate": "2",
    "desc": "Mocha",
    "sizeCategory": "3",
    "thumbImage": "images\/frame_images\/large\/lrg_cross_frame_190.jpg",
    "tileImage": "images\/frame_images\/large\/top_frame_190.jpg"
}, {
    "id": "802",
    "code": "258A",
    "categoryID": "50",
    "material": "Wood",
    "width": "3.25",
    "height": "2",
    "rebate": "0.50",
    "min": "10",
    "max": "200",
    "rate": "4",
    "desc": "Rustic Teak",
    "sizeCategory": "3",
    "thumbImage": "images\/frame_images\/large\/lrg_cross_frame_802.jpg",
    "tileImage": "images\/frame_images\/large\/top_frame_802.jpg"
}, {
    "id": "811",
    "code": "248B",
    "categoryID": "50",
    "material": "Hard Synthetic",
    "width": "3.5",
    "height": "2",
    "rebate": "0.60",
    "min": "10",
    "max": "65",
    "rate": "2",
    "desc": "Dark Walnut",
    "sizeCategory": "3",
    "thumbImage": "images\/frame_images\/large\/lrg_cross_frame_811.jpg",
    "tileImage": "images\/frame_images\/large\/top_frame_811.jpg"
}, {
    "id": "821",
    "code": "248M",
    "categoryID": "50",
    "material": "Hard Synthetic",
    "width": "3.5",
    "height": "2",
    "rebate": "0.60",
    "min": "10",
    "max": "65",
    "rate": "2",
    "desc": "Dark Mahogany",
    "sizeCategory": "3",
    "thumbImage": "images\/frame_images\/large\/lrg_cross_frame_821.jpg",
    "tileImage": "images\/frame_images\/large\/top_frame_821.jpg"
}]