{
    "products": [{
        "id": 50932,
        "cart_id": 43221,
        "product_id": "678449",
        "unique_id": "4e2f9769-2605-47a1-83d9-07c165b8bce9",
        "unit_price": 12,
        "quantity": 5,
        "discount": 0,
        "discounts_applied": null,
        "raw_data": "{\"type\":\"PHOTO_FRAME\",\"category_id\":1239,\"width\":20.3,\"height\":30.5,\"depth\":5,\"frame\":\"330A\",\"glass\":\"CLEAR\",\"backing\":\"MDF\",\"hanging\":null}",
        "updated_at": "2017-07-13 04:33:03",
        "created_at": "2017-07-13 04:33:03",
        "product_name": "Photo Frame 8x12 330A",
        "product_description": null,
        "product_type": "PHOTO_FRAME",
        "product_thumbnail": "images\/thumbnails\/0c\/83\/f8\/0c83f89bef3d54380d18125cee46f1f3f76bf76e76200ebf69f1af3ceb399cea.jpg",
        "total": 60
    }, {
        "id": 50931,
        "cart_id": 43221,
        "product_id": "678449",
        "unique_id": "595642a6-d436-49f9-8265-b7d25737f4b6",
        "unit_price": 12,
        "quantity": 5,
        "discount": 0,
        "discounts_applied": null,
        "raw_data": "{\"type\":\"PHOTO_FRAME\",\"category_id\":1239,\"width\":20.3,\"height\":30.5,\"depth\":5,\"frame\":\"330A\",\"glass\":\"CLEAR\",\"backing\":\"MDF\",\"hanging\":null}",
        "updated_at": "2017-07-13 04:31:44",
        "created_at": "2017-07-13 04:31:44",
        "product_name": "Photo Frame 8x12 330A",
        "product_description": null,
        "product_type": "PHOTO_FRAME",
        "product_thumbnail": "images\/thumbnails\/0c\/83\/f8\/0c83f89bef3d54380d18125cee46f1f3f76bf76e76200ebf69f1af3ceb399cea.jpg",
        "total": 60
    }, {
        "id": 50930,
        "cart_id": 43221,
        "product_id": "678449",
        "unique_id": "76bb833c-c0d9-4729-a0e5-01da44066681",
        "unit_price": 12,
        "quantity": 5,
        "discount": 0,
        "discounts_applied": null,
        "raw_data": "{\"type\":\"PHOTO_FRAME\",\"category_id\":1239,\"width\":20.3,\"height\":30.5,\"depth\":5,\"frame\":\"330A\",\"glass\":\"CLEAR\",\"backing\":\"MDF\",\"hanging\":null}",
        "updated_at": "2017-07-13 04:31:19",
        "created_at": "2017-07-13 04:31:19",
        "product_name": "Photo Frame 8x12 330A",
        "product_description": null,
        "product_type": "PHOTO_FRAME",
        "product_thumbnail": "images\/thumbnails\/0c\/83\/f8\/0c83f89bef3d54380d18125cee46f1f3f76bf76e76200ebf69f1af3ceb399cea.jpg",
        "total": 60
    }],
    "productCount": 15,
    "totalPrice": 180
}