{
  "1.0": {
    "UCM": 1,
    "clear-glass": 2,
    "non-reflective-glass": 6,
    "uv-clear-glass": 10,
    "uv-non-reflective-glass": 16,
    "stretch": 17.6,
    "top_mat": 5,
    "middle_mat": 5,
    "clear-perspex": 6,
    "no-glass": 0,
    "MDF": 0,
    "adhesive-foamcore": 2,
    "non-adhesive-foamcore": 2,
    "pod_rate_1": 10,
    "pod_rate_2": 15,
    "pod_rate_3": 20,
    "pod_rate_4": 26,
    "pod_rate_5": 35,
    "luster-paper": 3,
    "gloss-paper": 3.3,
    "poster-matte-paper": 3.3,
    "metallic-paper": 3.6,
    "archival-paper": 4.5,
    "fucm": null,
    "rate": [
      0,
      null,
      null,
      null,
      null,
      null,
      null,
      null,
      null,
      null,
      null,
      null,
      null,
      null,
      null,
      null,
      null,
      null,
      null,
      null,
      null
    ]
  },
  "27.5": {
    "UCM": 27.5,
    "clear-glass": 2,
    "non-reflective-glass": 6,
    "uv-clear-glass": 10,
    "uv-non-reflective-glass": 16,
    "stretch": 19.8,
    "top_mat": 5,
    "middle_mat": 5,
    "clear-perspex": 6,
    "no-glass": 0,
    "MDF": 0,
    "adhesive-foamcore": 2,
    "non-adhesive-foamcore": 2,
    "pod_rate_1": 10,
    "pod_rate_2": 16,
    "pod_rate_3": 21,
    "pod_rate_4": 28,
    "pod_rate_5": 37,
    "luster-paper": 4,
    "gloss-paper": 4.4,
    "poster-matte-paper": 4.4,
    "metallic-paper": 4.8,
    "archival-paper": 6,
    "fucm": 27.5,
    "rate": [
      0,
      10,
      14,
      16,
      18,
      20,
      26,
      29,
      32,
      35,
      38,
      40,
      46,
      49,
      52,
      55,
      61,
      63,
      67,
      69,
      72
    ]
  },
  "32.5": {
    "UCM": 32.5,
    "clear-glass": 2,
    "non-reflective-glass": 6,
    "uv-clear-glass": 10,
    "uv-non-reflective-glass": 16,
    "stretch": 20.9,
    "top_mat": 5,
    "middle_mat": 5,
    "clear-perspex": 6,
    "no-glass": 0,
    "MDF": 0,
    "adhesive-foamcore": 2,
    "non-adhesive-foamcore": 2,
    "pod_rate_1": 10,
    "pod_rate_2": 19,
    "pod_rate_3": 25,
    "pod_rate_4": 33,
    "pod_rate_5": 44,
    "luster-paper": 5,
    "gloss-paper": 5.5,
    "poster-matte-paper": 5.5,
    "metallic-paper": 6,
    "archival-paper": 7.5,
    "fucm": 32.5,
    "rate": [
      0,
      10,
      16,
      20,
      22,
      26,
      31,
      35,
      38,
      41,
      45,
      48,
      55,
      59,
      62,
      66,
      72,
      76,
      79,
      83,
      86
    ]
  },
  "37.5": {
    "UCM": 37.5,
    "clear-glass": 2,
    "non-reflective-glass": 6,
    "uv-clear-glass": 10,
    "uv-non-reflective-glass": 16,
    "stretch": 22,
    "top_mat": 5,
    "middle_mat": 5,
    "clear-perspex": 6,
    "no-glass": 0,
    "MDF": 0,
    "adhesive-foamcore": 2,
    "non-adhesive-foamcore": 2,
    "pod_rate_1": 10,
    "pod_rate_2": 22,
    "pod_rate_3": 29,
    "pod_rate_4": 38,
    "pod_rate_5": 51,
    "luster-paper": 6,
    "gloss-paper": 6.6,
    "poster-matte-paper": 6.6,
    "metallic-paper": 7.2,
    "archival-paper": 9,
    "fucm": 37.5,
    "rate": [
      0,
      12,
      18,
      22,
      26,
      30,
      37,
      40,
      45,
      48,
      53,
      56,
      64,
      69,
      72,
      77,
      85,
      89,
      93,
      97,
      101
    ]
  },
  "42.5": {
    "UCM": 42.5,
    "clear-glass": 3,
    "non-reflective-glass": 8,
    "uv-clear-glass": 13,
    "uv-non-reflective-glass": 20,
    "stretch": 23.1,
    "top_mat": 5,
    "middle_mat": 5,
    "clear-perspex": 8,
    "no-glass": 0,
    "MDF": 0,
    "adhesive-foamcore": 2,
    "non-adhesive-foamcore": 2,
    "pod_rate_1": 10,
    "pod_rate_2": 25,
    "pod_rate_3": 33,
    "pod_rate_4": 43,
    "pod_rate_5": 57,
    "luster-paper": 7,
    "gloss-paper": 7.7,
    "poster-matte-paper": 7.7,
    "metallic-paper": 8.4,
    "archival-paper": 10.5,
    "fucm": 42.5,
    "rate": [
      0,
      13,
      20,
      26,
      30,
      34,
      41,
      46,
      51,
      55,
      60,
      64,
      74,
      78,
      83,
      87,
      97,
      101,
      106,
      110,
      115
    ]
  },
  "47.5": {
    "UCM": 47.5,
    "clear-glass": 3,
    "non-reflective-glass": 10,
    "uv-clear-glass": 15,
    "uv-non-reflective-glass": 24,
    "stretch": 24.2,
    "top_mat": 5,
    "middle_mat": 5,
    "clear-perspex": 10,
    "no-glass": 0,
    "MDF": 0,
    "adhesive-foamcore": 3,
    "non-adhesive-foamcore": 3,
    "pod_rate_1": 10,
    "pod_rate_2": 28,
    "pod_rate_3": 37,
    "pod_rate_4": 48,
    "pod_rate_5": 64,
    "luster-paper": 8,
    "gloss-paper": 8.8,
    "poster-matte-paper": 8.8,
    "metallic-paper": 9.6,
    "archival-paper": 12,
    "fucm": 47.5,
    "rate": [
      0,
      14,
      24,
      30,
      34,
      40,
      47,
      52,
      57,
      62,
      68,
      72,
      83,
      89,
      93,
      99,
      109,
      114,
      120,
      124,
      130
    ]
  },
  "52.5": {
    "UCM": 52.5,
    "clear-glass": 4,
    "non-reflective-glass": 12,
    "uv-clear-glass": 18,
    "uv-non-reflective-glass": 28,
    "stretch": 26.4,
    "top_mat": 6,
    "middle_mat": 6,
    "clear-perspex": 11,
    "no-glass": 0,
    "MDF": 0,
    "adhesive-foamcore": 3,
    "non-adhesive-foamcore": 3,
    "pod_rate_1": 10,
    "pod_rate_2": 31,
    "pod_rate_3": 41,
    "pod_rate_4": 53,
    "pod_rate_5": 71,
    "luster-paper": 10,
    "gloss-paper": 11,
    "poster-matte-paper": 11,
    "metallic-paper": 12,
    "archival-paper": 15,
    "fucm": 52.5,
    "rate": [
      0,
      16,
      26,
      34,
      38,
      46,
      52,
      57,
      63,
      69,
      75,
      81,
      92,
      98,
      103,
      109,
      121,
      126,
      132,
      138,
      144
    ]
  },
  "57.5": {
    "UCM": 57.5,
    "clear-glass": 4,
    "non-reflective-glass": 14,
    "uv-clear-glass": 18,
    "uv-non-reflective-glass": 28,
    "stretch": 27.5,
    "top_mat": 7,
    "middle_mat": 7,
    "clear-perspex": 12,
    "no-glass": 0,
    "MDF": 0,
    "adhesive-foamcore": 4,
    "non-adhesive-foamcore": 4,
    "pod_rate_1": 10,
    "pod_rate_2": 34,
    "pod_rate_3": 45,
    "pod_rate_4": 58,
    "pod_rate_5": 78,
    "luster-paper": 12,
    "gloss-paper": 13.2,
    "poster-matte-paper": 13.2,
    "metallic-paper": 14.4,
    "archival-paper": 18,
    "fucm": 57.5,
    "rate": [
      0,
      18,
      28,
      38,
      42,
      50,
      57,
      63,
      70,
      76,
      83,
      89,
      101,
      108,
      114,
      121,
      133,
      139,
      146,
      152,
      159
    ]
  },
  "62.5": {
    "UCM": 62.5,
    "clear-glass": 5,
    "non-reflective-glass": 16,
    "uv-clear-glass": 20,
    "uv-non-reflective-glass": 32,
    "stretch": 29.7,
    "top_mat": 8,
    "middle_mat": 8,
    "clear-perspex": 14,
    "no-glass": 0,
    "MDF": 0,
    "adhesive-foamcore": 4,
    "non-adhesive-foamcore": 4,
    "pod_rate_1": 14,
    "pod_rate_2": 37,
    "pod_rate_3": 49,
    "pod_rate_4": 63,
    "pod_rate_5": 84,
    "luster-paper": 14,
    "gloss-paper": 15.4,
    "poster-matte-paper": 15.4,
    "metallic-paper": 16.8,
    "archival-paper": 21,
    "fucm": 62.5,
    "rate": [
      0,
      20,
      30,
      40,
      45,
      55,
      62,
      69,
      76,
      83,
      90,
      97,
      110,
      117,
      124,
      131,
      145,
      152,
      159,
      166,
      173
    ]
  },
  "67.5": {
    "UCM": 67.5,
    "clear-glass": 5,
    "non-reflective-glass": 18,
    "uv-clear-glass": 23,
    "uv-non-reflective-glass": 36,
    "stretch": 31.9,
    "top_mat": 9,
    "middle_mat": 9,
    "clear-perspex": 16,
    "no-glass": 0,
    "MDF": 0,
    "adhesive-foamcore": 5,
    "non-adhesive-foamcore": 5,
    "pod_rate_1": 16,
    "pod_rate_2": 39,
    "pod_rate_3": 53,
    "pod_rate_4": 68,
    "pod_rate_5": 91,
    "luster-paper": 16,
    "gloss-paper": 17.6,
    "poster-matte-paper": 17.6,
    "metallic-paper": 19.2,
    "archival-paper": 24,
    "fucm": 67.5,
    "rate": [
      0,
      23,
      33,
      43,
      53,
      63,
      68,
      75,
      83,
      90,
      98,
      105,
      120,
      128,
      135,
      143,
      158,
      164,
      173,
      179,
      187
    ]
  },
  "72.5": {
    "UCM": 72.5,
    "clear-glass": 6,
    "non-reflective-glass": 20,
    "uv-clear-glass": 25,
    "uv-non-reflective-glass": 40,
    "stretch": 34.1,
    "top_mat": 10,
    "middle_mat": 10,
    "clear-perspex": 18,
    "no-glass": 0,
    "MDF": 0,
    "adhesive-foamcore": 5,
    "non-adhesive-foamcore": 5,
    "pod_rate_1": 18,
    "pod_rate_2": 42,
    "pod_rate_3": 57,
    "pod_rate_4": 74,
    "pod_rate_5": 98,
    "luster-paper": 18,
    "gloss-paper": 19.8,
    "poster-matte-paper": 19.8,
    "metallic-paper": 21.6,
    "archival-paper": 27,
    "fucm": 72.5,
    "rate": [
      0,
      26,
      36,
      46,
      56,
      66,
      72,
      81,
      89,
      97,
      105,
      113,
      129,
      137,
      145,
      153,
      169,
      177,
      185,
      193,
      201
    ]
  },
  "77.5": {
    "UCM": 77.5,
    "clear-glass": 7,
    "non-reflective-glass": 22,
    "uv-clear-glass": 28,
    "uv-non-reflective-glass": 44,
    "stretch": 36.3,
    "top_mat": 11,
    "middle_mat": 11,
    "clear-perspex": 19,
    "no-glass": 0,
    "MDF": 0,
    "adhesive-foamcore": 6,
    "non-adhesive-foamcore": 6,
    "pod_rate_1": 20,
    "pod_rate_2": 45,
    "pod_rate_3": 60,
    "pod_rate_4": 79,
    "pod_rate_5": 105,
    "luster-paper": 20,
    "gloss-paper": 22,
    "poster-matte-paper": 22,
    "metallic-paper": 24,
    "archival-paper": 30,
    "fucm": 77.5,
    "rate": [
      0,
      29,
      39,
      49,
      59,
      69,
      78,
      86,
      95,
      103,
      113,
      121,
      138,
      147,
      155,
      164,
      182,
      190,
      199,
      207,
      216
    ]
  },
  "82.5": {
    "UCM": 82.5,
    "clear-glass": 8,
    "non-reflective-glass": 24,
    "uv-clear-glass": 30,
    "uv-non-reflective-glass": 48,
    "stretch": 38.5,
    "top_mat": 12,
    "middle_mat": 12,
    "clear-perspex": 21,
    "no-glass": 0,
    "MDF": 0,
    "adhesive-foamcore": 6,
    "non-adhesive-foamcore": 6,
    "pod_rate_1": 22,
    "pod_rate_2": 48,
    "pod_rate_3": 64,
    "pod_rate_4": 84,
    "pod_rate_5": 111,
    "luster-paper": 22,
    "gloss-paper": 24.2,
    "poster-matte-paper": 24.2,
    "metallic-paper": 26.4,
    "archival-paper": 33,
    "fucm": 82.5,
    "rate": [
      0,
      32,
      42,
      52,
      62,
      72,
      83,
      92,
      101,
      110,
      120,
      129,
      147,
      156,
      166,
      175,
      193,
      202,
      212,
      221,
      230
    ]
  },
  "87.5": {
    "UCM": 87.5,
    "clear-glass": 9,
    "non-reflective-glass": 26,
    "uv-clear-glass": 33,
    "uv-non-reflective-glass": 52,
    "stretch": 40.7,
    "top_mat": 13,
    "middle_mat": 13,
    "clear-perspex": 23,
    "no-glass": 0,
    "MDF": 0,
    "adhesive-foamcore": 7,
    "non-adhesive-foamcore": 7,
    "pod_rate_1": 24,
    "pod_rate_2": 51,
    "pod_rate_3": 68,
    "pod_rate_4": 89,
    "pod_rate_5": 118,
    "luster-paper": 24,
    "gloss-paper": 26.4,
    "poster-matte-paper": 26.4,
    "metallic-paper": 28.8,
    "archival-paper": 36,
    "fucm": 87.5,
    "rate": [
      0,
      35,
      45,
      55,
      65,
      75,
      89,
      98,
      108,
      117,
      128,
      137,
      156,
      167,
      176,
      186,
      206,
      215,
      225,
      235,
      245
    ]
  },
  "92.5": {
    "UCM": 92.5,
    "clear-glass": 10,
    "non-reflective-glass": 28,
    "uv-clear-glass": 35,
    "uv-non-reflective-glass": 56,
    "stretch": 42.9,
    "top_mat": 14,
    "middle_mat": 14,
    "clear-perspex": 25,
    "no-glass": 0,
    "MDF": 0,
    "adhesive-foamcore": 7,
    "non-adhesive-foamcore": 7,
    "pod_rate_1": 26,
    "pod_rate_2": 54,
    "pod_rate_3": 72,
    "pod_rate_4": 94,
    "pod_rate_5": 125,
    "luster-paper": 26,
    "gloss-paper": 28.6,
    "poster-matte-paper": 28.6,
    "metallic-paper": 31.2,
    "archival-paper": 39,
    "fucm": 92.5,
    "rate": [
      0,
      38,
      48,
      58,
      68,
      78,
      93,
      103,
      114,
      124,
      135,
      145,
      166,
      176,
      186,
      197,
      217,
      228,
      238,
      248,
      259
    ]
  },
  "97.5": {
    "UCM": 97.5,
    "clear-glass": 12,
    "non-reflective-glass": 30,
    "uv-clear-glass": 38,
    "uv-non-reflective-glass": 60,
    "stretch": 45.1,
    "top_mat": 15,
    "middle_mat": 15,
    "clear-perspex": 26,
    "no-glass": 0,
    "MDF": 0,
    "adhesive-foamcore": 8,
    "non-adhesive-foamcore": 8,
    "pod_rate_1": 28,
    "pod_rate_2": 57,
    "pod_rate_3": 76,
    "pod_rate_4": 99,
    "pod_rate_5": 131,
    "luster-paper": 28,
    "gloss-paper": 30.8,
    "poster-matte-paper": 30.8,
    "metallic-paper": 33.6,
    "archival-paper": 42,
    "fucm": 97.5,
    "rate": [
      0,
      44,
      55,
      66,
      77,
      87,
      99,
      109,
      121,
      131,
      143,
      153,
      175,
      186,
      197,
      208,
      230,
      240,
      252,
      262,
      274
    ]
  },
  "102.5": {
    "UCM": 102.5,
    "clear-glass": 14,
    "non-reflective-glass": 32,
    "uv-clear-glass": 40,
    "uv-non-reflective-glass": 64,
    "stretch": 47.3,
    "top_mat": 16,
    "middle_mat": 16,
    "clear-perspex": 28,
    "no-glass": 0,
    "MDF": 0,
    "adhesive-foamcore": 8,
    "non-adhesive-foamcore": 8,
    "pod_rate_1": 30,
    "pod_rate_2": 60,
    "pod_rate_3": 80,
    "pod_rate_4": 104,
    "pod_rate_5": 138,
    "luster-paper": 30,
    "gloss-paper": 33,
    "poster-matte-paper": 33,
    "metallic-paper": 36,
    "archival-paper": 45,
    "fucm": 102.5,
    "rate": [
      0,
      46,
      57,
      69,
      81,
      92,
      103,
      115,
      126,
      138,
      150,
      161,
      184,
      195,
      207,
      218,
      241,
      253,
      265,
      276,
      288
    ]
  },
  "107.5": {
    "UCM": 107.5,
    "clear-glass": 16,
    "non-reflective-glass": 34,
    "uv-clear-glass": 43,
    "uv-non-reflective-glass": 68,
    "stretch": 50.6,
    "top_mat": 17,
    "middle_mat": 17,
    "clear-perspex": 30,
    "no-glass": 0,
    "MDF": 0,
    "adhesive-foamcore": 9,
    "non-adhesive-foamcore": 9,
    "pod_rate_1": 32,
    "pod_rate_2": 63,
    "pod_rate_3": 84,
    "pod_rate_4": 109,
    "pod_rate_5": 145,
    "luster-paper": 32,
    "gloss-paper": 35.2,
    "poster-matte-paper": 35.2,
    "metallic-paper": 38.4,
    "archival-paper": 48,
    "fucm": 107.5,
    "rate": [
      0,
      48,
      61,
      72,
      85,
      97,
      109,
      121,
      133,
      145,
      158,
      169,
      193,
      206,
      217,
      230,
      254,
      266,
      278,
      290,
      302
    ]
  },
  "112.5": {
    "UCM": 112.5,
    "clear-glass": 17,
    "non-reflective-glass": 38,
    "uv-clear-glass": 48,
    "uv-non-reflective-glass": 76,
    "stretch": 52.8,
    "top_mat": 18,
    "middle_mat": 18,
    "clear-perspex": 33,
    "no-glass": 0,
    "MDF": 0,
    "adhesive-foamcore": 10,
    "non-adhesive-foamcore": 10,
    "pod_rate_1": 34,
    "pod_rate_2": 66,
    "pod_rate_3": 88,
    "pod_rate_4": 114,
    "pod_rate_5": 152,
    "luster-paper": 34,
    "gloss-paper": 37.4,
    "poster-matte-paper": 37.4,
    "metallic-paper": 40.8,
    "archival-paper": 51,
    "fucm": 112.5,
    "rate": [
      0,
      51,
      63,
      76,
      89,
      101,
      114,
      126,
      139,
      152,
      164,
      177,
      202,
      215,
      228,
      240,
      266,
      278,
      291,
      304,
      316
    ]
  },
  "117.5": {
    "UCM": 117.5,
    "clear-glass": 18,
    "non-reflective-glass": 40,
    "uv-clear-glass": 50,
    "uv-non-reflective-glass": 80,
    "stretch": 56.1,
    "top_mat": 19,
    "middle_mat": 19,
    "clear-perspex": 35,
    "no-glass": 0,
    "MDF": 0,
    "adhesive-foamcore": 11,
    "non-adhesive-foamcore": 11,
    "pod_rate_1": 36,
    "pod_rate_2": 69,
    "pod_rate_3": 92,
    "pod_rate_4": 119,
    "pod_rate_5": 158,
    "luster-paper": 36,
    "gloss-paper": 39.6,
    "poster-matte-paper": 39.6,
    "metallic-paper": 43.2,
    "archival-paper": 54,
    "fucm": 117.5,
    "rate": [
      0,
      53,
      67,
      79,
      93,
      106,
      120,
      132,
      146,
      159,
      173,
      185,
      212,
      225,
      238,
      252,
      278,
      291,
      305,
      317,
      331
    ]
  },
  "122.5": {
    "UCM": 122.5,
    "clear-glass": 19,
    "non-reflective-glass": 42,
    "uv-clear-glass": 53,
    "uv-non-reflective-glass": 84,
    "stretch": 59.4,
    "top_mat": 20,
    "middle_mat": 20,
    "clear-perspex": 37,
    "no-glass": 0,
    "MDF": 0,
    "adhesive-foamcore": 12,
    "non-adhesive-foamcore": 12,
    "pod_rate_1": 38,
    "pod_rate_2": 72,
    "pod_rate_3": 96,
    "pod_rate_4": 124,
    "pod_rate_5": 165,
    "luster-paper": 38,
    "gloss-paper": 41.8,
    "poster-matte-paper": 41.8,
    "metallic-paper": 45.6,
    "archival-paper": 57,
    "fucm": 122.5,
    "rate": [
      0,
      55,
      69,
      83,
      97,
      110,
      124,
      138,
      152,
      166,
      179,
      193,
      221,
      235,
      248,
      262,
      290,
      304,
      317,
      331,
      345
    ]
  },
  "127.5": {
    "UCM": 127.5,
    "clear-glass": 20,
    "non-reflective-glass": 44,
    "uv-clear-glass": 55,
    "uv-non-reflective-glass": 88,
    "stretch": 62.7,
    "top_mat": 22,
    "middle_mat": 22,
    "clear-perspex": 39,
    "no-glass": 0,
    "MDF": 0,
    "adhesive-foamcore": 13,
    "non-adhesive-foamcore": 13,
    "pod_rate_1": 40,
    "pod_rate_2": 75,
    "pod_rate_3": 99,
    "pod_rate_4": 129,
    "pod_rate_5": 172,
    "luster-paper": 40,
    "gloss-paper": 44,
    "poster-matte-paper": 44,
    "metallic-paper": 48,
    "archival-paper": 60,
    "fucm": 127.5,
    "rate": [
      0,
      57,
      72,
      86,
      101,
      115,
      130,
      144,
      159,
      173,
      187,
      201,
      230,
      245,
      259,
      274,
      302,
      316,
      331,
      345,
      360
    ]
  },
  "132.5": {
    "UCM": 132.5,
    "clear-glass": 22,
    "non-reflective-glass": 48,
    "uv-clear-glass": 60,
    "uv-non-reflective-glass": 96,
    "stretch": 66,
    "top_mat": 24,
    "middle_mat": 24,
    "clear-perspex": 42,
    "no-glass": 0,
    "MDF": 0,
    "adhesive-foamcore": 14,
    "non-adhesive-foamcore": 14,
    "pod_rate_1": 43,
    "pod_rate_2": 78,
    "pod_rate_3": 103,
    "pod_rate_4": 134,
    "pod_rate_5": 179,
    "luster-paper": 43,
    "gloss-paper": 47.3,
    "poster-matte-paper": 47.3,
    "metallic-paper": 51.6,
    "archival-paper": 64.5,
    "fucm": 132.5,
    "rate": [
      0,
      60,
      75,
      90,
      105,
      120,
      135,
      150,
      164,
      179,
      194,
      209,
      239,
      254,
      269,
      284,
      314,
      329,
      344,
      359,
      374
    ]
  },
  "137.5": {
    "UCM": 137.5,
    "clear-glass": 23,
    "non-reflective-glass": 50,
    "uv-clear-glass": 63,
    "uv-non-reflective-glass": 100,
    "stretch": 69.3,
    "top_mat": 26,
    "middle_mat": 26,
    "clear-perspex": 44,
    "no-glass": 0,
    "MDF": 0,
    "adhesive-foamcore": 15,
    "non-adhesive-foamcore": 15,
    "pod_rate_1": 46,
    "pod_rate_2": 80,
    "pod_rate_3": 107,
    "pod_rate_4": 139,
    "pod_rate_5": 185,
    "luster-paper": 46,
    "gloss-paper": 50.6,
    "poster-matte-paper": 50.6,
    "metallic-paper": 55.2,
    "archival-paper": 69,
    "fucm": 137.5,
    "rate": [
      0,
      62,
      78,
      93,
      109,
      124,
      140,
      155,
      171,
      186,
      202,
      217,
      248,
      265,
      279,
      296,
      327,
      342,
      358,
      373,
      389
    ]
  },
  "142.5": {
    "UCM": 142.5,
    "clear-glass": 24,
    "non-reflective-glass": 52,
    "uv-clear-glass": 65,
    "uv-non-reflective-glass": 104,
    "stretch": 72.6,
    "top_mat": 26,
    "middle_mat": 26,
    "clear-perspex": 46,
    "no-glass": 0,
    "MDF": 0,
    "adhesive-foamcore": 16,
    "non-adhesive-foamcore": 16,
    "pod_rate_1": 49,
    "pod_rate_2": 83,
    "pod_rate_3": 111,
    "pod_rate_4": 144,
    "pod_rate_5": 192,
    "luster-paper": 49,
    "gloss-paper": 53.9,
    "poster-matte-paper": 53.9,
    "metallic-paper": 58.8,
    "archival-paper": 73.5,
    "fucm": 142.5,
    "rate": [
      0,
      64,
      81,
      97,
      113,
      129,
      145,
      161,
      177,
      193,
      209,
      225,
      258,
      274,
      290,
      306,
      338,
      354,
      370,
      386,
      403
    ]
  },
  "147.5": {
    "UCM": 147.5,
    "clear-glass": 26,
    "non-reflective-glass": 54,
    "uv-clear-glass": 68,
    "uv-non-reflective-glass": 108,
    "stretch": 75.9,
    "top_mat": 28,
    "middle_mat": 28,
    "clear-perspex": 47,
    "no-glass": 0,
    "MDF": 0,
    "adhesive-foamcore": 17,
    "non-adhesive-foamcore": 17,
    "pod_rate_1": 52,
    "pod_rate_2": 86,
    "pod_rate_3": 115,
    "pod_rate_4": 150,
    "pod_rate_5": 199,
    "luster-paper": 52,
    "gloss-paper": 57.2,
    "poster-matte-paper": 57.2,
    "metallic-paper": 62.4,
    "archival-paper": 78,
    "fucm": 147.5,
    "rate": [
      0,
      67,
      84,
      100,
      117,
      133,
      151,
      167,
      184,
      200,
      217,
      233,
      267,
      284,
      300,
      317,
      351,
      367,
      384,
      400,
      417
    ]
  },
  "152.5": {
    "UCM": 152.5,
    "clear-glass": 29,
    "non-reflective-glass": 58,
    "uv-clear-glass": 73,
    "uv-non-reflective-glass": 116,
    "stretch": 79.2,
    "top_mat": 30,
    "middle_mat": 30,
    "clear-perspex": 51,
    "no-glass": 0,
    "MDF": 0,
    "adhesive-foamcore": 18,
    "non-adhesive-foamcore": 18,
    "pod_rate_1": 55,
    "pod_rate_2": 89,
    "pod_rate_3": 119,
    "pod_rate_4": 155,
    "pod_rate_5": 206,
    "luster-paper": 55,
    "gloss-paper": 60.5,
    "poster-matte-paper": 60.5,
    "metallic-paper": 66,
    "archival-paper": 82.5,
    "fucm": 152.5,
    "rate": [
      0,
      69,
      86,
      103,
      121,
      138,
      155,
      173,
      190,
      207,
      224,
      241,
      276,
      293,
      311,
      328,
      362,
      379,
      397,
      414,
      431
    ]
  },
  "157.5": {
    "UCM": 157.5,
    "clear-glass": 33,
    "non-reflective-glass": 60,
    "uv-clear-glass": 75,
    "uv-non-reflective-glass": 120,
    "stretch": 83.6,
    "top_mat": 32,
    "middle_mat": 32,
    "clear-perspex": 53,
    "no-glass": 0,
    "MDF": 0,
    "adhesive-foamcore": 19,
    "non-adhesive-foamcore": 19,
    "pod_rate_1": 58,
    "pod_rate_2": 92,
    "pod_rate_3": 123,
    "pod_rate_4": 160,
    "pod_rate_5": 212,
    "luster-paper": 58,
    "gloss-paper": 63.8,
    "poster-matte-paper": 63.8,
    "metallic-paper": 69.6,
    "archival-paper": 87,
    "fucm": 157.5,
    "rate": [
      0,
      71,
      90,
      107,
      125,
      143,
      161,
      178,
      197,
      214,
      232,
      250,
      285,
      304,
      321,
      339,
      375,
      392,
      411,
      428,
      446
    ]
  },
  "162.5": {
    "UCM": 162.5,
    "clear-glass": 36,
    "non-reflective-glass": 64,
    "uv-clear-glass": 80,
    "uv-non-reflective-glass": 128,
    "stretch": 86.9,
    "top_mat": 32,
    "middle_mat": 32,
    "clear-perspex": 56,
    "no-glass": 0,
    "MDF": 0,
    "adhesive-foamcore": 20,
    "non-adhesive-foamcore": 20,
    "pod_rate_1": 60,
    "pod_rate_2": 95,
    "pod_rate_3": 127,
    "pod_rate_4": 165,
    "pod_rate_5": 219,
    "luster-paper": 60,
    "gloss-paper": 66,
    "poster-matte-paper": 66,
    "metallic-paper": 72,
    "archival-paper": 90,
    "fucm": 162.5,
    "rate": [
      0,
      74,
      92,
      110,
      129,
      147,
      166,
      184,
      202,
      221,
      239,
      258,
      294,
      313,
      331,
      350,
      386,
      405,
      423,
      442,
      460
    ]
  },
  "167.5": {
    "UCM": 167.5,
    "clear-glass": 39,
    "non-reflective-glass": 66,
    "uv-clear-glass": 83,
    "uv-non-reflective-glass": 132,
    "stretch": 91.3,
    "top_mat": 36,
    "middle_mat": 36,
    "clear-perspex": 58,
    "no-glass": 0,
    "MDF": 0,
    "adhesive-foamcore": 21,
    "non-adhesive-foamcore": 21,
    "pod_rate_1": 62,
    "pod_rate_2": 98,
    "pod_rate_3": 131,
    "pod_rate_4": 170,
    "pod_rate_5": 226,
    "luster-paper": 62,
    "gloss-paper": 68.2,
    "poster-matte-paper": 68.2,
    "metallic-paper": 74.4,
    "archival-paper": 93,
    "fucm": 167.5,
    "rate": [
      0,
      76,
      95,
      114,
      133,
      152,
      171,
      190,
      209,
      228,
      247,
      266,
      304,
      323,
      342,
      361,
      399,
      417,
      437,
      455,
      475
    ]
  },
  "172.5": {
    "UCM": 172.5,
    "clear-glass": 42,
    "non-reflective-glass": 70,
    "uv-clear-glass": 88,
    "uv-non-reflective-glass": 140,
    "stretch": 95.7,
    "top_mat": 36,
    "middle_mat": 36,
    "clear-perspex": 61,
    "no-glass": 0,
    "MDF": 0,
    "adhesive-foamcore": 22,
    "non-adhesive-foamcore": 22,
    "pod_rate_1": 64,
    "pod_rate_2": 101,
    "pod_rate_3": 135,
    "pod_rate_4": 175,
    "pod_rate_5": 233,
    "luster-paper": 64,
    "gloss-paper": 70.4,
    "poster-matte-paper": 70.4,
    "metallic-paper": 76.8,
    "archival-paper": 96,
    "fucm": 172.5,
    "rate": [
      0,
      78,
      98,
      117,
      137,
      156,
      176,
      195,
      215,
      235,
      254,
      274,
      313,
      332,
      352,
      371,
      411,
      430,
      450,
      469,
      489
    ]
  },
  "177.5": {
    "UCM": 177.5,
    "clear-glass": 44,
    "non-reflective-glass": 72,
    "uv-clear-glass": 90,
    "uv-non-reflective-glass": 144,
    "stretch": 99,
    "top_mat": 38,
    "middle_mat": 38,
    "clear-perspex": 63,
    "no-glass": 0,
    "MDF": 0,
    "adhesive-foamcore": 23,
    "non-adhesive-foamcore": 23,
    "pod_rate_1": 68,
    "pod_rate_2": 104,
    "pod_rate_3": 138,
    "pod_rate_4": 180,
    "pod_rate_5": 239,
    "luster-paper": 66,
    "gloss-paper": 72.6,
    "poster-matte-paper": 72.6,
    "metallic-paper": 79.2,
    "archival-paper": 99,
    "fucm": 177.5,
    "rate": [
      0,
      81,
      101,
      121,
      141,
      161,
      182,
      201,
      222,
      241,
      262,
      282,
      322,
      343,
      362,
      383,
      423,
      443,
      463,
      483,
      504
    ]
  },
  "182.5": {
    "UCM": 182.5,
    "clear-glass": 47,
    "non-reflective-glass": 76,
    "uv-clear-glass": 95,
    "uv-non-reflective-glass": 152,
    "stretch": 103.4,
    "top_mat": 38,
    "middle_mat": 38,
    "clear-perspex": 67,
    "no-glass": 0,
    "MDF": 0,
    "adhesive-foamcore": 24,
    "non-adhesive-foamcore": 24,
    "pod_rate_1": 70,
    "pod_rate_2": 107,
    "pod_rate_3": 142,
    "pod_rate_4": 185,
    "pod_rate_5": 246,
    "luster-paper": 68,
    "gloss-paper": 74.8,
    "poster-matte-paper": 74.8,
    "metallic-paper": 81.6,
    "archival-paper": 102,
    "fucm": 182.5,
    "rate": [
      0,
      83,
      103,
      124,
      145,
      166,
      186,
      207,
      228,
      248,
      269,
      290,
      331,
      352,
      373,
      393,
      435,
      455,
      476,
      497,
      518
    ]
  },
  "187.5": {
    "UCM": 187.5,
    "clear-glass": 49,
    "non-reflective-glass": 78,
    "uv-clear-glass": 98,
    "uv-non-reflective-glass": 156,
    "stretch": 107.8,
    "top_mat": 42,
    "middle_mat": 42,
    "clear-perspex": 68,
    "no-glass": 0,
    "MDF": 0,
    "adhesive-foamcore": 25,
    "non-adhesive-foamcore": 25,
    "pod_rate_1": 72,
    "pod_rate_2": 110,
    "pod_rate_3": 146,
    "pod_rate_4": 190,
    "pod_rate_5": 253,
    "luster-paper": 70,
    "gloss-paper": 77,
    "poster-matte-paper": 77,
    "metallic-paper": 84,
    "archival-paper": 105,
    "fucm": 187.5,
    "rate": [
      0,
      85,
      107,
      128,
      150,
      170,
      192,
      213,
      235,
      255,
      277,
      298,
      340,
      362,
      383,
      405,
      447,
      468,
      490,
      511,
      532
    ]
  },
  "192.5": {
    "UCM": 192.5,
    "clear-glass": 52,
    "non-reflective-glass": 82,
    "uv-clear-glass": 103,
    "uv-non-reflective-glass": 164,
    "stretch": 112.2,
    "top_mat": 42,
    "middle_mat": 42,
    "clear-perspex": 72,
    "no-glass": 0,
    "MDF": 0,
    "adhesive-foamcore": 26,
    "non-adhesive-foamcore": 26,
    "pod_rate_1": 74,
    "pod_rate_2": 113,
    "pod_rate_3": 150,
    "pod_rate_4": 195,
    "pod_rate_5": 260,
    "luster-paper": 72,
    "gloss-paper": 79.2,
    "poster-matte-paper": 79.2,
    "metallic-paper": 86.4,
    "archival-paper": 108,
    "fucm": 192.5,
    "rate": [
      0,
      87,
      109,
      131,
      153,
      175,
      197,
      218,
      240,
      262,
      284,
      306,
      350,
      371,
      393,
      415,
      459,
      481,
      503,
      524,
      546
    ]
  },
  "197.5": {
    "UCM": 197.5,
    "clear-glass": 55,
    "non-reflective-glass": 86,
    "uv-clear-glass": 108,
    "uv-non-reflective-glass": 172,
    "stretch": 116.6,
    "top_mat": 44,
    "middle_mat": 44,
    "clear-perspex": 75,
    "no-glass": 0,
    "MDF": 0,
    "adhesive-foamcore": 27,
    "non-adhesive-foamcore": 27,
    "pod_rate_1": 76,
    "pod_rate_2": 116,
    "pod_rate_3": 154,
    "pod_rate_4": 200,
    "pod_rate_5": 266,
    "luster-paper": 74,
    "gloss-paper": 81.4,
    "poster-matte-paper": 81.4,
    "metallic-paper": 88.8,
    "archival-paper": 111,
    "fucm": 197.5,
    "rate": [
      0,
      90,
      113,
      135,
      158,
      179,
      202,
      224,
      247,
      269,
      292,
      314,
      359,
      382,
      404,
      427,
      471,
      493,
      516,
      538,
      561
    ]
  },
  "202.5": {
    "UCM": 202.5,
    "clear-glass": 57,
    "non-reflective-glass": 90,
    "uv-clear-glass": 113,
    "uv-non-reflective-glass": 180,
    "stretch": 122.1,
    "top_mat": 44,
    "middle_mat": 44,
    "clear-perspex": 79,
    "no-glass": 0,
    "MDF": 0,
    "adhesive-foamcore": 28,
    "non-adhesive-foamcore": 28,
    "pod_rate_1": 78,
    "pod_rate_2": 118,
    "pod_rate_3": 158,
    "pod_rate_4": 205,
    "pod_rate_5": 273,
    "luster-paper": 76,
    "gloss-paper": 83.6,
    "poster-matte-paper": 83.6,
    "metallic-paper": 91.2,
    "archival-paper": 114,
    "fucm": 202.5,
    "rate": [
      0,
      92,
      115,
      138,
      161,
      184,
      207,
      230,
      253,
      276,
      299,
      322,
      368,
      391,
      414,
      437,
      483,
      506,
      529,
      552,
      575
    ]
  },
  "207.5": {
    "UCM": 207.5,
    "clear-glass": 60,
    "non-reflective-glass": 92,
    "uv-clear-glass": 115,
    "uv-non-reflective-glass": 184,
    "stretch": 126.5,
    "top_mat": 48,
    "middle_mat": 48,
    "clear-perspex": 81,
    "no-glass": 0,
    "MDF": 0,
    "adhesive-foamcore": 29,
    "non-adhesive-foamcore": 29,
    "pod_rate_1": 80,
    "pod_rate_2": 121,
    "pod_rate_3": 162,
    "pod_rate_4": 210,
    "pod_rate_5": 280,
    "luster-paper": 78,
    "gloss-paper": 85.8,
    "poster-matte-paper": 85.8,
    "metallic-paper": 93.6,
    "archival-paper": 117,
    "fucm": 207.5,
    "rate": [
      0,
      94,
      118,
      141,
      166,
      189,
      213,
      236,
      260,
      283,
      307,
      330,
      377,
      401,
      424,
      448,
      496,
      519,
      543,
      566,
      590
    ]
  },
  "212.5": {
    "UCM": 212.5,
    "clear-glass": 62,
    "non-reflective-glass": 96,
    "uv-clear-glass": 120,
    "uv-non-reflective-glass": 192,
    "stretch": 130.9,
    "top_mat": 48,
    "middle_mat": 48,
    "clear-perspex": 84,
    "no-glass": 0,
    "MDF": 0,
    "adhesive-foamcore": 30,
    "non-adhesive-foamcore": 30,
    "pod_rate_1": 82,
    "pod_rate_2": 124,
    "pod_rate_3": 166,
    "pod_rate_4": 215,
    "pod_rate_5": 287,
    "luster-paper": 80,
    "gloss-paper": 88,
    "poster-matte-paper": 88,
    "metallic-paper": 96,
    "archival-paper": 120,
    "fucm": 212.5,
    "rate": [
      0,
      97,
      121,
      145,
      169,
      193,
      217,
      241,
      266,
      290,
      314,
      338,
      386,
      411,
      435,
      459,
      507,
      531,
      555,
      580,
      604
    ]
  },
  "217.5": {
    "UCM": 217.5,
    "clear-glass": 65,
    "non-reflective-glass": 100,
    "uv-clear-glass": 125,
    "uv-non-reflective-glass": 200,
    "stretch": 136.4,
    "top_mat": 52,
    "middle_mat": 52,
    "clear-perspex": 88,
    "no-glass": 0,
    "MDF": 0,
    "adhesive-foamcore": 31,
    "non-adhesive-foamcore": 31,
    "pod_rate_1": 84,
    "pod_rate_2": 127,
    "pod_rate_3": 170,
    "pod_rate_4": 220,
    "pod_rate_5": 293,
    "luster-paper": 82,
    "gloss-paper": 90.2,
    "poster-matte-paper": 90.2,
    "metallic-paper": 98.4,
    "archival-paper": 123,
    "fucm": 217.5,
    "rate": [
      0,
      99,
      124,
      148,
      174,
      198,
      223,
      247,
      273,
      297,
      322,
      346,
      396,
      421,
      445,
      470,
      520,
      544,
      569,
      593,
      619
    ]
  },
  "222.5": {
    "UCM": 222.5,
    "clear-glass": 68,
    "non-reflective-glass": 104,
    "uv-clear-glass": 130,
    "uv-non-reflective-glass": 208,
    "stretch": 141.9,
    "top_mat": 52,
    "middle_mat": 52,
    "clear-perspex": 91,
    "no-glass": 0,
    "MDF": 0,
    "adhesive-foamcore": 32,
    "non-adhesive-foamcore": 32,
    "pod_rate_1": 86,
    "pod_rate_2": 130,
    "pod_rate_3": 174,
    "pod_rate_4": 225,
    "pod_rate_5": 300,
    "luster-paper": 84,
    "gloss-paper": 92.4,
    "poster-matte-paper": 92.4,
    "metallic-paper": 100.8,
    "archival-paper": 126,
    "fucm": 222.5,
    "rate": [
      0,
      101,
      126,
      152,
      177,
      202,
      228,
      253,
      278,
      304,
      329,
      354,
      405,
      430,
      455,
      481,
      531,
      557,
      582,
      607,
      633
    ]
  },
  "227.5": {
    "UCM": 227.5,
    "clear-glass": 70,
    "non-reflective-glass": 108,
    "uv-clear-glass": 135,
    "uv-non-reflective-glass": 216,
    "stretch": 146.3,
    "top_mat": 54,
    "middle_mat": 54,
    "clear-perspex": 95,
    "no-glass": 0,
    "MDF": 0,
    "adhesive-foamcore": 33,
    "non-adhesive-foamcore": 33,
    "pod_rate_1": 88,
    "pod_rate_2": 133,
    "pod_rate_3": 177,
    "pod_rate_4": 230,
    "pod_rate_5": 307,
    "luster-paper": 86,
    "gloss-paper": 94.6,
    "poster-matte-paper": 94.6,
    "metallic-paper": 103.2,
    "archival-paper": 129,
    "fucm": 227.5,
    "rate": [
      0,
      103,
      130,
      155,
      182,
      207,
      233,
      259,
      285,
      311,
      337,
      362,
      414,
      440,
      466,
      492,
      544,
      569,
      596,
      621,
      647
    ]
  },
  "232.5": {
    "UCM": 232.5,
    "clear-glass": 73,
    "non-reflective-glass": 112,
    "uv-clear-glass": 140,
    "uv-non-reflective-glass": 224,
    "stretch": 151.8,
    "top_mat": 54,
    "middle_mat": 54,
    "clear-perspex": 98,
    "no-glass": 0,
    "MDF": 0,
    "adhesive-foamcore": 34,
    "non-adhesive-foamcore": 34,
    "pod_rate_1": 90,
    "pod_rate_2": 136,
    "pod_rate_3": 181,
    "pod_rate_4": 235,
    "pod_rate_5": 314,
    "luster-paper": 88,
    "gloss-paper": 96.8,
    "poster-matte-paper": 96.8,
    "metallic-paper": 105.6,
    "archival-paper": 132,
    "fucm": 232.5,
    "rate": [
      0,
      106,
      132,
      159,
      185,
      212,
      238,
      265,
      291,
      317,
      344,
      370,
      423,
      450,
      476,
      503,
      555,
      582,
      608,
      635,
      661
    ]
  },
  "237.5": {
    "UCM": 237.5,
    "clear-glass": 74,
    "non-reflective-glass": 114,
    "uv-clear-glass": 143,
    "uv-non-reflective-glass": 228,
    "stretch": 157.3,
    "top_mat": 57,
    "middle_mat": 57,
    "clear-perspex": 100,
    "no-glass": 0,
    "MDF": 0,
    "adhesive-foamcore": 35,
    "non-adhesive-foamcore": 35,
    "pod_rate_1": 94,
    "pod_rate_2": 139,
    "pod_rate_3": 185,
    "pod_rate_4": 240,
    "pod_rate_5": 320,
    "luster-paper": 90,
    "gloss-paper": 99,
    "poster-matte-paper": 99,
    "metallic-paper": 108,
    "archival-paper": 135,
    "fucm": 237.5,
    "rate": [
      0,
      108,
      136,
      162,
      190,
      216,
      244,
      270,
      298,
      324,
      352,
      378,
      432,
      460,
      486,
      514,
      568,
      595,
      622,
      649,
      676
    ]
  },
  "242.5": {
    "UCM": 242.5,
    "clear-glass": 77,
    "non-reflective-glass": 120,
    "uv-clear-glass": 150,
    "uv-non-reflective-glass": 240,
    "stretch": 162.8,
    "top_mat": 57,
    "middle_mat": 57,
    "clear-perspex": 105,
    "no-glass": 0,
    "MDF": 0,
    "adhesive-foamcore": 36,
    "non-adhesive-foamcore": 36,
    "pod_rate_1": 96,
    "pod_rate_2": 142,
    "pod_rate_3": 189,
    "pod_rate_4": 245,
    "pod_rate_5": 327,
    "luster-paper": 94,
    "gloss-paper": 103.4,
    "poster-matte-paper": 103.4,
    "metallic-paper": 112.8,
    "archival-paper": 141,
    "fucm": 242.5,
    "rate": [
      0,
      110,
      138,
      166,
      193,
      221,
      248,
      276,
      304,
      331,
      359,
      386,
      442,
      469,
      497,
      524,
      580,
      607,
      635,
      662,
      690
    ]
  },
  "247.5": {
    "UCM": 247.5,
    "clear-glass": 80,
    "non-reflective-glass": 122,
    "uv-clear-glass": 153,
    "uv-non-reflective-glass": 244,
    "stretch": 168.3,
    "top_mat": 57,
    "middle_mat": 57,
    "clear-perspex": 107,
    "no-glass": 0,
    "MDF": 0,
    "adhesive-foamcore": 37,
    "non-adhesive-foamcore": 37,
    "pod_rate_1": 98,
    "pod_rate_2": 145,
    "pod_rate_3": 193,
    "pod_rate_4": 250,
    "pod_rate_5": 334,
    "luster-paper": 96,
    "gloss-paper": 105.6,
    "poster-matte-paper": 105.6,
    "metallic-paper": 115.2,
    "archival-paper": 144,
    "fucm": 247.5,
    "rate": [
      0,
      113,
      141,
      169,
      198,
      225,
      254,
      282,
      311,
      338,
      367,
      394,
      451,
      480,
      507,
      536,
      592,
      620,
      649,
      676,
      705
    ]
  },
  "252.5": {
    "UCM": 252.5,
    "clear-glass": 83,
    "non-reflective-glass": 128,
    "uv-clear-glass": 160,
    "uv-non-reflective-glass": 256,
    "stretch": 173.8,
    "top_mat": 57,
    "middle_mat": 57,
    "clear-perspex": 112,
    "no-glass": 0,
    "MDF": 0,
    "adhesive-foamcore": 38,
    "non-adhesive-foamcore": 38,
    "pod_rate_1": 100,
    "pod_rate_2": 148,
    "pod_rate_3": 197,
    "pod_rate_4": 255,
    "pod_rate_5": 341,
    "luster-paper": 98,
    "gloss-paper": 107.8,
    "poster-matte-paper": 107.8,
    "metallic-paper": 117.6,
    "archival-paper": 147,
    "fucm": 252.5,
    "rate": [
      0,
      115,
      144,
      173,
      201,
      230,
      259,
      288,
      316,
      345,
      374,
      402,
      460,
      489,
      518,
      546,
      604,
      633,
      661,
      690,
      719
    ]
  },
  "257.5": {
    "UCM": 257.5,
    "clear-glass": 85,
    "non-reflective-glass": 130,
    "uv-clear-glass": 999.99,
    "uv-non-reflective-glass": 275,
    "stretch": 180.4,
    "top_mat": 76,
    "middle_mat": 76,
    "clear-perspex": 114,
    "no-glass": 0,
    "MDF": 0,
    "adhesive-foamcore": 39,
    "non-adhesive-foamcore": 39,
    "pod_rate_1": 105,
    "pod_rate_2": 151,
    "pod_rate_3": 201,
    "pod_rate_4": 260,
    "pod_rate_5": 347,
    "luster-paper": 100,
    "gloss-paper": 110,
    "poster-matte-paper": 110,
    "metallic-paper": 120,
    "archival-paper": 150,
    "fucm": 257.5,
    "rate": [
      0,
      117,
      147,
      176,
      206,
      235,
      265,
      293,
      323,
      352,
      382,
      411,
      469,
      499,
      528,
      558,
      616,
      645,
      675,
      704,
      734
    ]
  },
  "262.5": {
    "UCM": 262.5,
    "clear-glass": 88,
    "non-reflective-glass": 136,
    "uv-clear-glass": 999.99,
    "uv-non-reflective-glass": 999,
    "stretch": 185.9,
    "top_mat": 76,
    "middle_mat": 76,
    "clear-perspex": 119,
    "no-glass": 0,
    "MDF": 0,
    "adhesive-foamcore": 40,
    "non-adhesive-foamcore": 40,
    "pod_rate_1": 110,
    "pod_rate_2": 154,
    "pod_rate_3": 205,
    "pod_rate_4": 265,
    "pod_rate_5": 354,
    "luster-paper": 105,
    "gloss-paper": 115.5,
    "poster-matte-paper": 115.5,
    "metallic-paper": 126,
    "archival-paper": 157.5,
    "fucm": 262.5,
    "rate": [
      0,
      120,
      150,
      179,
      209,
      239,
      269,
      299,
      329,
      359,
      389,
      419,
      478,
      508,
      538,
      568,
      628,
      658,
      688,
      718,
      748
    ]
  },
  "267.5": {
    "UCM": 267.5,
    "clear-glass": 91,
    "non-reflective-glass": 140,
    "uv-clear-glass": 999.99,
    "uv-non-reflective-glass": 999,
    "stretch": 191.4,
    "top_mat": 76,
    "middle_mat": 76,
    "clear-perspex": 123,
    "no-glass": 0,
    "MDF": 0,
    "adhesive-foamcore": 42,
    "non-adhesive-foamcore": 42,
    "pod_rate_1": 115,
    "pod_rate_2": 156,
    "pod_rate_3": 209,
    "pod_rate_4": 270,
    "pod_rate_5": 361,
    "luster-paper": 110,
    "gloss-paper": 121,
    "poster-matte-paper": 121,
    "metallic-paper": 132,
    "archival-paper": 165,
    "fucm": 267.5,
    "rate": [
      0,
      122,
      153,
      183,
      214,
      244,
      275,
      305,
      336,
      366,
      397,
      427,
      488,
      519,
      549,
      580,
      641,
      670,
      702,
      731,
      762
    ]
  },
  "272.5": {
    "UCM": 272.5,
    "clear-glass": 94,
    "non-reflective-glass": 144,
    "uv-clear-glass": 999.99,
    "uv-non-reflective-glass": 999,
    "stretch": 198,
    "top_mat": 76,
    "middle_mat": 76,
    "clear-perspex": 126,
    "no-glass": 0,
    "MDF": 0,
    "adhesive-foamcore": 44,
    "non-adhesive-foamcore": 44,
    "pod_rate_1": 120,
    "pod_rate_2": 159,
    "pod_rate_3": 213,
    "pod_rate_4": 275,
    "pod_rate_5": 367,
    "luster-paper": 115,
    "gloss-paper": 126.5,
    "poster-matte-paper": 126.5,
    "metallic-paper": 138,
    "archival-paper": 172.5,
    "fucm": 272.5,
    "rate": [
      0,
      124,
      155,
      186,
      217,
      248,
      279,
      311,
      342,
      373,
      404,
      435,
      497,
      528,
      559,
      590,
      652,
      683,
      714,
      745,
      776
    ]
  },
  "277.5": {
    "UCM": 277.5,
    "clear-glass": 97,
    "non-reflective-glass": 148,
    "uv-clear-glass": 999.99,
    "uv-non-reflective-glass": 999,
    "stretch": 204.6,
    "top_mat": 85,
    "middle_mat": 85,
    "clear-perspex": 130,
    "no-glass": 0,
    "MDF": 0,
    "adhesive-foamcore": 46,
    "non-adhesive-foamcore": 46,
    "pod_rate_1": 125,
    "pod_rate_2": 162,
    "pod_rate_3": 216,
    "pod_rate_4": 280,
    "pod_rate_5": 374,
    "luster-paper": 120,
    "gloss-paper": 132,
    "poster-matte-paper": 132,
    "metallic-paper": 144,
    "archival-paper": 180,
    "fucm": 277.5,
    "rate": [
      0,
      126,
      159,
      190,
      222,
      253,
      285,
      316,
      348,
      379,
      412,
      443,
      506,
      538,
      569,
      601,
      665,
      696,
      728,
      759,
      791
    ]
  },
  "282.5": {
    "UCM": 282.5,
    "clear-glass": 100,
    "non-reflective-glass": 154,
    "uv-clear-glass": 999.99,
    "uv-non-reflective-glass": 999,
    "stretch": 210.1,
    "top_mat": 85,
    "middle_mat": 85,
    "clear-perspex": 135,
    "no-glass": 0,
    "MDF": 0,
    "adhesive-foamcore": 48,
    "non-adhesive-foamcore": 48,
    "pod_rate_1": 130,
    "pod_rate_2": 165,
    "pod_rate_3": 220,
    "pod_rate_4": 285,
    "pod_rate_5": 381,
    "luster-paper": 125,
    "gloss-paper": 137.5,
    "poster-matte-paper": 137.5,
    "metallic-paper": 150,
    "archival-paper": 187.5,
    "fucm": 282.5,
    "rate": [
      0,
      129,
      161,
      193,
      225,
      258,
      290,
      322,
      354,
      386,
      419,
      451,
      515,
      547,
      580,
      612,
      676,
      708,
      741,
      773,
      805
    ]
  },
  "287.5": {
    "UCM": 287.5,
    "clear-glass": 103,
    "non-reflective-glass": 156,
    "uv-clear-glass": 999.99,
    "uv-non-reflective-glass": 999,
    "stretch": 216.7,
    "top_mat": 85.5,
    "middle_mat": 85,
    "clear-perspex": 137,
    "no-glass": 0,
    "MDF": 0,
    "adhesive-foamcore": 50,
    "non-adhesive-foamcore": 50,
    "pod_rate_1": 135,
    "pod_rate_2": 168,
    "pod_rate_3": 224,
    "pod_rate_4": 290,
    "pod_rate_5": 388,
    "luster-paper": 130,
    "gloss-paper": 143,
    "poster-matte-paper": 143,
    "metallic-paper": 156,
    "archival-paper": 195,
    "fucm": 287.5,
    "rate": [
      0,
      131,
      164,
      197,
      230,
      262,
      296,
      328,
      361,
      393,
      427,
      459,
      524,
      558,
      590,
      623,
      689,
      721,
      754,
      787,
      820
    ]
  },
  "292.5": {
    "UCM": 292.5,
    "clear-glass": 106,
    "non-reflective-glass": 162,
    "uv-clear-glass": 999.99,
    "uv-non-reflective-glass": 999,
    "stretch": 223.3,
    "top_mat": 95,
    "middle_mat": 95,
    "clear-perspex": 142,
    "no-glass": 0,
    "MDF": 0,
    "adhesive-foamcore": 52,
    "non-adhesive-foamcore": 52,
    "pod_rate_1": 140,
    "pod_rate_2": 171,
    "pod_rate_3": 228,
    "pod_rate_4": 295,
    "pod_rate_5": 394,
    "luster-paper": 135,
    "gloss-paper": 148.5,
    "poster-matte-paper": 148.5,
    "metallic-paper": 162,
    "archival-paper": 202.5,
    "fucm": 292.5,
    "rate": [
      0,
      133,
      167,
      200,
      233,
      267,
      300,
      334,
      367,
      400,
      434,
      467,
      534,
      567,
      600,
      634,
      700,
      734,
      767,
      800,
      834
    ]
  },
  "297.5": {
    "UCM": 297.5,
    "clear-glass": 109,
    "non-reflective-glass": 166,
    "uv-clear-glass": 999.99,
    "uv-non-reflective-glass": 999,
    "stretch": 229.9,
    "top_mat": 95,
    "middle_mat": 95,
    "clear-perspex": 145,
    "no-glass": 0,
    "MDF": 0,
    "adhesive-foamcore": 54,
    "non-adhesive-foamcore": 54,
    "pod_rate_1": 145,
    "pod_rate_2": 174,
    "pod_rate_3": 232,
    "pod_rate_4": 300,
    "pod_rate_5": 401,
    "luster-paper": 140,
    "gloss-paper": 154,
    "poster-matte-paper": 154,
    "metallic-paper": 168,
    "archival-paper": 210,
    "fucm": 297.5,
    "rate": [
      0,
      136,
      170,
      204,
      238,
      271,
      306,
      339,
      374,
      407,
      442,
      475,
      543,
      577,
      611,
      645,
      713,
      746,
      781,
      814,
      849
    ]
  },
  "302.5": {
    "UCM": 302.5,
    "clear-glass": 112,
    "non-reflective-glass": 172,
    "uv-clear-glass": 999.98,
    "uv-non-reflective-glass": 999,
    "stretch": 236.5,
    "top_mat": 95,
    "middle_mat": 95,
    "clear-perspex": 151,
    "no-glass": 0,
    "MDF": 0,
    "adhesive-foamcore": 56,
    "non-adhesive-foamcore": 56,
    "pod_rate_1": 150,
    "pod_rate_2": 177,
    "pod_rate_3": 236,
    "pod_rate_4": 307,
    "pod_rate_5": 408,
    "luster-paper": 145,
    "gloss-paper": 159.5,
    "poster-matte-paper": 159.5,
    "metallic-paper": 174,
    "archival-paper": 217.5,
    "fucm": 302.5,
    "rate": [
      0,
      138,
      173,
      207,
      241,
      276,
      311,
      345,
      379,
      414,
      448,
      483,
      552,
      587,
      621,
      656,
      725,
      759,
      793,
      828,
      863
    ]
  },
  "307.5": {
    "UCM": 307.5,
    "clear-glass": 114,
    "non-reflective-glass": 176,
    "uv-clear-glass": 999.99,
    "uv-non-reflective-glass": 999,
    "stretch": 244.2,
    "top_mat": 115,
    "middle_mat": 115,
    "clear-perspex": 154,
    "no-glass": 0,
    "MDF": 0,
    "adhesive-foamcore": 58,
    "non-adhesive-foamcore": 58,
    "pod_rate_1": 155,
    "pod_rate_2": 180,
    "pod_rate_3": 240,
    "pod_rate_4": 312,
    "pod_rate_5": 415,
    "luster-paper": 150,
    "gloss-paper": 165,
    "poster-matte-paper": 165,
    "metallic-paper": 180,
    "archival-paper": 225,
    "fucm": 307.5,
    "rate": [
      0,
      140,
      176,
      210,
      246,
      281,
      316,
      351,
      386,
      421,
      457,
      491,
      561,
      597,
      631,
      667,
      737,
      772,
      807,
      842,
      877
    ]
  },
  "312.5": {
    "UCM": 312.5,
    "clear-glass": 118,
    "non-reflective-glass": 182,
    "uv-clear-glass": 999.99,
    "uv-non-reflective-glass": 999,
    "stretch": 250.8,
    "top_mat": 115,
    "middle_mat": 115,
    "clear-perspex": 159,
    "no-glass": 0,
    "MDF": 0,
    "adhesive-foamcore": 60,
    "non-adhesive-foamcore": 60,
    "pod_rate_1": 160,
    "pod_rate_2": 183,
    "pod_rate_3": 244,
    "pod_rate_4": 317,
    "pod_rate_5": 421,
    "luster-paper": 155,
    "gloss-paper": 170.5,
    "poster-matte-paper": 170.5,
    "metallic-paper": 186,
    "archival-paper": 232.5,
    "fucm": 312.5,
    "rate": [
      0,
      143,
      178,
      214,
      250,
      285,
      321,
      357,
      392,
      428,
      463,
      499,
      570,
      606,
      642,
      677,
      749,
      784,
      820,
      856,
      891
    ]
  },
  "317.5": {
    "UCM": 317.5,
    "clear-glass": 121,
    "non-reflective-glass": 186,
    "uv-clear-glass": 999.99,
    "uv-non-reflective-glass": 999,
    "stretch": 257.4,
    "top_mat": 123.5,
    "middle_mat": 123.5,
    "clear-perspex": 163,
    "no-glass": 0,
    "MDF": 0,
    "adhesive-foamcore": 62,
    "non-adhesive-foamcore": 62,
    "pod_rate_1": 165,
    "pod_rate_2": 186,
    "pod_rate_3": 248,
    "pod_rate_4": 322,
    "pod_rate_5": 428,
    "luster-paper": 160,
    "gloss-paper": 176,
    "poster-matte-paper": 176,
    "metallic-paper": 192,
    "archival-paper": 240,
    "fucm": 317.5,
    "rate": [
      0,
      145,
      182,
      217,
      254,
      290,
      327,
      362,
      399,
      435,
      471,
      507,
      580,
      616,
      652,
      689,
      761,
      797,
      834,
      869,
      906
    ]
  },
  "322.5": {
    "UCM": 322.5,
    "clear-glass": 124,
    "non-reflective-glass": 190,
    "uv-clear-glass": 999.99,
    "uv-non-reflective-glass": 999,
    "stretch": 265.1,
    "top_mat": 123.5,
    "middle_mat": 123.5,
    "clear-perspex": 166,
    "no-glass": 0,
    "MDF": 0,
    "adhesive-foamcore": 64,
    "non-adhesive-foamcore": 64,
    "pod_rate_1": 170,
    "pod_rate_2": 189,
    "pod_rate_3": 252,
    "pod_rate_4": 327,
    "pod_rate_5": 435,
    "luster-paper": 165,
    "gloss-paper": 181.5,
    "poster-matte-paper": 181.5,
    "metallic-paper": 198,
    "archival-paper": 247.5,
    "fucm": 322.5,
    "rate": [
      0,
      147,
      184,
      221,
      258,
      294,
      331,
      368,
      405,
      442,
      478,
      515,
      589,
      626,
      662,
      699,
      773,
      810,
      846,
      883,
      920
    ]
  },
  "327.5": {
    "UCM": 327.5,
    "clear-glass": 127,
    "non-reflective-glass": 196,
    "uv-clear-glass": 999.99,
    "uv-non-reflective-glass": 999,
    "stretch": 271.7,
    "top_mat": 133,
    "middle_mat": 133,
    "clear-perspex": 172,
    "no-glass": 0,
    "MDF": 0,
    "adhesive-foamcore": 66,
    "non-adhesive-foamcore": 66,
    "pod_rate_1": 175,
    "pod_rate_2": 192,
    "pod_rate_3": 255,
    "pod_rate_4": 332,
    "pod_rate_5": 442,
    "luster-paper": 170,
    "gloss-paper": 187,
    "poster-matte-paper": 187,
    "metallic-paper": 204,
    "archival-paper": 255,
    "fucm": 327.5,
    "rate": [
      0,
      150,
      187,
      224,
      262,
      299,
      337,
      374,
      412,
      448,
      486,
      523,
      598,
      636,
      673,
      711,
      785,
      822,
      860,
      897,
      935
    ]
  },
  "332.5": {
    "UCM": 332.5,
    "clear-glass": 131,
    "non-reflective-glass": 202,
    "uv-clear-glass": 999.99,
    "uv-non-reflective-glass": 999,
    "stretch": 279.4,
    "top_mat": 133,
    "middle_mat": 133,
    "clear-perspex": 177,
    "no-glass": 0,
    "MDF": 0,
    "adhesive-foamcore": 68,
    "non-adhesive-foamcore": 68,
    "pod_rate_1": 180,
    "pod_rate_2": 195,
    "pod_rate_3": 259,
    "pod_rate_4": 337,
    "pod_rate_5": 448,
    "luster-paper": 185,
    "gloss-paper": 203.5,
    "poster-matte-paper": 203.5,
    "metallic-paper": 222,
    "archival-paper": 277.5,
    "fucm": 332.5,
    "rate": [
      0,
      152,
      190,
      228,
      266,
      304,
      342,
      379,
      417,
      455,
      493,
      531,
      607,
      645,
      683,
      721,
      797,
      835,
      873,
      911,
      949
    ]
  },
  "337.5": {
    "UCM": 337.5,
    "clear-glass": 134,
    "non-reflective-glass": 206,
    "uv-clear-glass": 999.99,
    "uv-non-reflective-glass": 999,
    "stretch": 287.1,
    "top_mat": 142.5,
    "middle_mat": 142.5,
    "clear-perspex": 180,
    "no-glass": 0,
    "MDF": 0,
    "adhesive-foamcore": 70,
    "non-adhesive-foamcore": 70,
    "pod_rate_1": 185,
    "pod_rate_2": 197,
    "pod_rate_3": 263,
    "pod_rate_4": 342,
    "pod_rate_5": 455,
    "luster-paper": 180,
    "gloss-paper": 198,
    "poster-matte-paper": 198,
    "metallic-paper": 216,
    "archival-paper": 270,
    "fucm": 337.5,
    "rate": [
      0,
      154,
      193,
      231,
      270,
      308,
      347,
      385,
      424,
      462,
      501,
      539,
      616,
      656,
      693,
      733,
      810,
      848,
      887,
      925,
      964
    ]
  },
  "342.5": {
    "UCM": 342.5,
    "clear-glass": 138,
    "non-reflective-glass": 212,
    "uv-clear-glass": 999.99,
    "uv-non-reflective-glass": 999,
    "stretch": 294.8,
    "top_mat": 152,
    "middle_mat": 152,
    "clear-perspex": 186,
    "no-glass": 0,
    "MDF": 0,
    "adhesive-foamcore": 72,
    "non-adhesive-foamcore": 72,
    "pod_rate_1": 190,
    "pod_rate_2": 200,
    "pod_rate_3": 267,
    "pod_rate_4": 347,
    "pod_rate_5": 462,
    "luster-paper": 185,
    "gloss-paper": 203.5,
    "poster-matte-paper": 203.5,
    "metallic-paper": 222,
    "archival-paper": 277.5,
    "fucm": 342.5,
    "rate": [
      0,
      156,
      195,
      235,
      274,
      313,
      352,
      391,
      430,
      469,
      508,
      547,
      626,
      665,
      704,
      743,
      821,
      860,
      899,
      938,
      978
    ]
  },
  "347.5": {
    "UCM": 347.5,
    "clear-glass": 140,
    "non-reflective-glass": 216,
    "uv-clear-glass": 999.99,
    "uv-non-reflective-glass": 999,
    "stretch": 302.5,
    "top_mat": 152,
    "middle_mat": 152,
    "clear-perspex": 189,
    "no-glass": 0,
    "MDF": 0,
    "adhesive-foamcore": 74,
    "non-adhesive-foamcore": 74,
    "pod_rate_1": 195,
    "pod_rate_2": 203,
    "pod_rate_3": 271,
    "pod_rate_4": 352,
    "pod_rate_5": 469,
    "luster-paper": 190,
    "gloss-paper": 209,
    "poster-matte-paper": 209,
    "metallic-paper": 228,
    "archival-paper": 285,
    "fucm": 347.5,
    "rate": [
      0,
      159,
      199,
      238,
      278,
      317,
      358,
      397,
      437,
      476,
      516,
      555,
      635,
      675,
      714,
      754,
      834,
      873,
      913,
      952,
      992
    ]
  },
  "352.5": {
    "UCM": 352.5,
    "clear-glass": 144,
    "non-reflective-glass": 222,
    "uv-clear-glass": 999.99,
    "uv-non-reflective-glass": 999,
    "stretch": 310.2,
    "top_mat": 161.5,
    "middle_mat": 161.5,
    "clear-perspex": 194,
    "no-glass": 0,
    "MDF": 0,
    "adhesive-foamcore": 76,
    "non-adhesive-foamcore": 76,
    "pod_rate_1": 200,
    "pod_rate_2": 206,
    "pod_rate_3": 275,
    "pod_rate_4": 357,
    "pod_rate_5": 475,
    "luster-paper": 195,
    "gloss-paper": 214.5,
    "poster-matte-paper": 214.5,
    "metallic-paper": 234,
    "archival-paper": 292.5,
    "fucm": 352.5,
    "rate": [
      0,
      161,
      201,
      241,
      282,
      322,
      362,
      402,
      443,
      483,
      523,
      564,
      644,
      684,
      725,
      765,
      845,
      885,
      926,
      966,
      1006
    ]
  },
  "357.5": {
    "UCM": 357.5,
    "clear-glass": 147,
    "non-reflective-glass": 226,
    "uv-clear-glass": 999.99,
    "uv-non-reflective-glass": 999,
    "stretch": 317.9,
    "top_mat": 161.5,
    "middle_mat": 161.5,
    "clear-perspex": 198,
    "no-glass": 0,
    "MDF": 0,
    "adhesive-foamcore": 78,
    "non-adhesive-foamcore": 78,
    "pod_rate_1": 220,
    "pod_rate_2": 209,
    "pod_rate_3": 279,
    "pod_rate_4": 363,
    "pod_rate_5": 482,
    "luster-paper": 200,
    "gloss-paper": 220,
    "poster-matte-paper": 220,
    "metallic-paper": 240,
    "archival-paper": 300,
    "fucm": 357.5,
    "rate": [
      0,
      163,
      205,
      245,
      286,
      327,
      368,
      408,
      450,
      490,
      531,
      572,
      653,
      695,
      735,
      776,
      858,
      898,
      940,
      980,
      1021
    ]
  },
  "362.5": {
    "UCM": 362.5,
    "clear-glass": 151,
    "non-reflective-glass": 232,
    "uv-clear-glass": 999.99,
    "uv-non-reflective-glass": 999,
    "stretch": 322.3,
    "top_mat": 171,
    "middle_mat": 171,
    "clear-perspex": 203,
    "no-glass": 0,
    "MDF": 0,
    "adhesive-foamcore": 80,
    "non-adhesive-foamcore": 80,
    "pod_rate_1": 240,
    "pod_rate_2": 212,
    "pod_rate_3": 283,
    "pod_rate_4": 368,
    "pod_rate_5": 489,
    "luster-paper": 220,
    "gloss-paper": 242,
    "poster-matte-paper": 242,
    "metallic-paper": 264,
    "archival-paper": 330,
    "fucm": 362.5,
    "rate": [
      0,
      166,
      207,
      248,
      290,
      331,
      373,
      414,
      455,
      497,
      538,
      580,
      662,
      704,
      745,
      787,
      869,
      911,
      952,
      994,
      1035
    ]
  },
  "367.5": {
    "UCM": 367.5,
    "clear-glass": 155,
    "non-reflective-glass": 238,
    "uv-clear-glass": 999.99,
    "uv-non-reflective-glass": 999,
    "stretch": 335,
    "top_mat": 171,
    "middle_mat": 171,
    "clear-perspex": 208,
    "no-glass": 0,
    "MDF": 0,
    "adhesive-foamcore": 82,
    "non-adhesive-foamcore": 82,
    "pod_rate_1": 260,
    "pod_rate_2": 215,
    "pod_rate_3": 300,
    "pod_rate_4": 373,
    "pod_rate_5": 496,
    "luster-paper": 240,
    "gloss-paper": 264,
    "poster-matte-paper": 264,
    "metallic-paper": 288,
    "archival-paper": 360,
    "fucm": 367.5,
    "rate": [
      0,
      168,
      210,
      252,
      294,
      336,
      378,
      420,
      462,
      504,
      546,
      588,
      672,
      714,
      756,
      798,
      882,
      923,
      966,
      1007,
      1050
    ]
  },
  "500.0": {
    "UCM": 500,
    "clear-glass": 999,
    "non-reflective-glass": 999,
    "uv-clear-glass": 999.99,
    "uv-non-reflective-glass": 999,
    "stretch": 375,
    "top_mat": 863.63,
    "middle_mat": 863.63,
    "clear-perspex": 999,
    "no-glass": 0,
    "MDF": 0,
    "adhesive-foamcore": 999,
    "non-adhesive-foamcore": 999,
    "pod_rate_1": 999,
    "pod_rate_2": 999,
    "pod_rate_3": 999,
    "pod_rate_4": 999,
    "pod_rate_5": 999,
    "luster-paper": 260,
    "gloss-paper": 286,
    "poster-matte-paper": 286,
    "metallic-paper": 312,
    "archival-paper": 390,
    "fucm": 500,
    "rate": [
      0,
      207,
      259,
      311,
      362,
      414,
      466,
      518,
      569,
      621,
      673,
      725,
      828,
      880,
      931,
      983,
      1087,
      1139,
      1190,
      1242,
      1294
    ]
  }
}